uretici_kodu;uretici_adi;ilce;rakim_m;organik_sertifika;kurulus_yili;yillik_kapasite;kalite_sinifi;ort_depo_sicakligi;urun_kodlari;telefon
U01;Kayalar Pestil;Köse;1492;;1996;47,0;a;9,4;KDT-500,KOM-FIN-500,KRM-1500,KSB-MAR-450;0456 245 91 77
U02;Demiroğlu Köme;Merkez;1420;Yok;2006;4,1 ton;C;11,8;KOM-CEV-500,KRM-1500,PKM-DUT-1000,PST-CEV-500;0456 208 10 92
U03;Harşit Kıyısı Gıda;Şiran;1657;VAR;2001;58,6 ton;B;8,8;KDT-500,KOM-CEV-500,KSB-MAR-450,PKM-DUT-1000;0456 252 16 70
U04;Yukarı Bağlar Pestilcilik;Şiran;12000;Hayır;1987;53,2;B;8,7;KDT-500,KOM-CEV-500,KOM-FIN-500,KSB-MAR-450;0456 208 92 42
U05;Akyol Dut Ürünleri;Kürtün;1058;1;1981;34,1 ton;2. Sınıf;16,0;KSB-MAR-450,PKM-DUT-1000,PST-DUT-500;0456 297 49 40
U06;Kelkit Ovası Kooperatifi;Kelkit;1420;Yok;2018;5400 kg;C;9,3;KOM-CEV-500,KOM-FIN-500,PST-DUT-500;0456 285 97 48
U07;Çiftçioğlu Pekmez;Merkez;1160;Evet;2001;16,7;B;54,5;KDT-500,KOM-FIN-500,KSB-MAR-450;0456 243 32 78
U08;Yayla Yolu Arıcılık;Kelkit;1280;Hayır;1990;6100 kg;B;8,8;BAL-850;0456 246 91 45
U09;Bağbaşı Kadın Kooperatifi;Torul;936;;2031;15600 kg;C;15,8;KDT-500,KOM-FIN-500,KSB-MAR-450;0456 262 52 69
U10;Gökçe Pestil Evi;Merkez;1432;0;2012;47,8 ton;B;9,0;KDT-500,KOM-FIN-500,KRM-1500,PKM-DUT-1000,PST-CEV-500;0456 262 64 92
U11;Torul Vadisi Gıda;Torul;939;;1983;36500 kg;2. Sınıf;8,7;KOM-FIN-500,PST-DUT-500;0456 200 38 82
U12;Kürtün Orman Balı;Kürtün;;1;1998;44,5;3. Sınıf;13,2;BAL-850;0456 289 38 91
U13;Şiran Ceviz Üreticileri;Şiran;1282;0;1994;50,2 ton;B;12,1;CVZ-1000,KOM-CEV-500;0456 260 99 48
U14;Köse Yaylası Ürünleri;Köse;1354;Hayır;2004;21000 kg;B;10,2;KDT-500,KSB-MAR-450,PKM-DUT-1000,PST-CEV-500;0456 289 38 65
U15;Eski Çarşı Kömecisi;KÖSE;1652;0;2014;10,7;A;9,8;KOM-FIN-500,KRM-1500,PST-CEV-500;0456 278 39 75
U16;Dutluk Aile İşletmesi;Merkez;1248;Evet;1993;30000 kg;C;9,1;KDT-500,KOM-FIN-500,PKM-DUT-1000,PST-CEV-500;0456 296 77 12
U17;Hasat Pestil;Merkez;1538;Evet;2001;36,7 ton;a;15,7;KDT-500,KOM-CEV-500,PKM-DUT-1000;0456 291 50 35
U18;Ilgaz Köme;Merkez;-50;Var;1998;45,5 ton;B;9,6;KDT-500,KOM-CEV-500,KOM-FIN-500,PST-CEV-500;0456 234 76 26
U19;Taşköprü Doğal Ürünler;Torul;908;0;2000;20600 kg;B;13,3;KOM-FIN-500,KSB-MAR-450;0456 260 29 23
U20;Değirmen Erişte;Torul;1215;Hayır;1999;25,7 ton;C;57,2;ERS-500;0456 264 87 90
U21;Ak Dut Gıda;Merkez;1447;VAR;2006;48200 kg;B;11,5;KOM-CEV-500,PST-CEV-500;0456 229 42 31
U22;Yıldırım Pestil;Merkez;1289;?;1985;37200 kg;2. Sınıf;14,0;KOM-FIN-500,KSB-MAR-450;0456 256 60 34
U23;Sarıçiçek Bal;Kelkit;1444;;2005;51,3 ton;3. Sınıf;15,5;BAL-850;0456 200 16 44
U24;Kuşburnu Bahçesi;Merkez;1096;Yok;2019;40,0 ton;2. Sınıf;9,7;KOM-FIN-500,PKM-DUT-1000;0456 285 42 92
U25;Çınaraltı Gıda;Merkez;1358;Evet;2002;43,1 ton;2. Sınıf;10,5;KDT-500,PST-DUT-500;0456 271 16 25
U5;Akyol Dut Ürünleri;Kürtün;1058;1;1981;34,1 ton;2. Sınıf;16,0;KSB-MAR-450,PKM-DUT-1000,PST-DUT-500;0456 297 49 40
